[
  {
    "_id": "5c30a2a9ef594ad962963084",
    "name": "Phyllis Lyons",
    "gender": "female"
  },
  {
    "_id": "5c30a2a949d44f17f8f49bf9",
    "name": "Robyn Sargent",
    "gender": "female"
  },
  {
    "_id": "5c30a2a9640eddf9a33388fd",
    "name": "Cherry Holloway",
    "gender": "female"
  },
  {
    "_id": "5c30a2a9578ae7e119633e2e",
    "name": "Perry Frederick",
    "gender": "male"
  },
  {
    "_id": "5c30a2a9a34abfa45b3373a7",
    "name": "Benjamin Richards",
    "gender": "male"
  },
  {
    "_id": "5c30a2a9dc9cd86c5f28f018",
    "name": "Annie Stephenson",
    "gender": "female"
  },
  {
    "_id": "5c30a2a9aae717f5d08bbfee",
    "name": "Vicki Shepard",
    "gender": "female"
  },
  {
    "_id": "5c30a2a9838c7e1c8bc79058",
    "name": "Benton Williamson",
    "gender": "male"
  },
  {
    "_id": "5c30a2a9b145d820dec5e0ec",
    "name": "Wilma Beasley",
    "gender": "female"
  },
  {
    "_id": "5c30a2a96a95b36c49c7d20d",
    "name": "Griffin Soto",
    "gender": "male"
  },
  {
    "_id": "5c30a2a9ee31d69863266d6b",
    "name": "Carson Conner",
    "gender": "male"
  },
  {
    "_id": "5c30a2a9ae843ef48adf05bd",
    "name": "Mooney Bartlett",
    "gender": "male"
  },
  {
    "_id": "5c30a2a91890a07971f623c1",
    "name": "Francisca Hoffman",
    "gender": "female"
  },
  {
    "_id": "5c30a2a9274a1ddf97445c2f",
    "name": "Freda Ford",
    "gender": "female"
  },
  {
    "_id": "5c30a2a95c97aff5ef31e087",
    "name": "Nichole Burgess",
    "gender": "female"
  },
  {
    "_id": "5c30a2a984b9924aa6f05292",
    "name": "Mccall Good",
    "gender": "male"
  },
  {
    "_id": "5c30a2a950c8fd3771e4ed8f",
    "name": "Traci Sears",
    "gender": "female"
  },
  {
    "_id": "5c30a2a9988657e7513535de",
    "name": "Rowena Livingston",
    "gender": "female"
  },
  {
    "_id": "5c30a2a99b529d21ce53dfdf",
    "name": "White Sanders",
    "gender": "male"
  },
  {
    "_id": "5c30a2a99eeb757dd7ecceb4",
    "name": "Buck Carney",
    "gender": "male"
  },
  {
    "_id": "5c30a2a903be288e40c6f19b",
    "name": "Dunn Lawrence",
    "gender": "male"
  },
  {
    "_id": "5c30a2a9c319dfb108060df0",
    "name": "Lilian Quinn",
    "gender": "female"
  },
  {
    "_id": "5c30a2a9d783eee6131fc9fc",
    "name": "Kimberly Burke",
    "gender": "female"
  },
  {
    "_id": "5c30a2a9ef16a2f8c9307542",
    "name": "Case Moses",
    "gender": "male"
  },
  {
    "_id": "5c30a2a9994ed48ecfb43237",
    "name": "Mathews Durham",
    "gender": "male"
  }
]